timestamp,open,high,low,close,volume
1788400800,100.14911367040848,100.458138475296,99.6062606744697,100.02166872378598,1495428.5435060437
1788401700,100.02166872378598,100.715044587759,100.02166872378598,100.02166872378598,1023623.4367594729
1788402600,100.02166872378598,101.320942135227,100.02166872378598,100.863278716204,2645637.4801332513
1788403500,100.863278716204,101.418582277752,100.365912435426,101.418582277752,1605826.7136627021
1788404400,101.418582277752,102.145045965271,100.745845015632,100.99886753936624,969048.05675292
1788405300,100.99886753936624,102.206736353078,100.71463243755,100.82972744057413,1622816.478549009
1788406200,100.82972744057413,101.086052781662,100.162699457858,100.43564788306875,1437757.1327863405
1788407100,100.43564788306875,100.851006808613,100.038262626263,100.144220428637,438324.450630587
1788408000,100.144220428637,100.75365918561,100.086309202719,100.250502524562,540761.7491845168
1788408900,100.250502524562,100.763524307713,99.7730562760244,100.17702380538223,985941.4066543536
1788409800,100.17702380538223,100.532552237259,99.9176098547334,99.9565344705423,321781.3111682948
1788410700,99.9565344705423,100.999733896478,99.865,100.999733896478,1586773.0150647433
1788411600,100.999733896478,101.150710715239,100.424069591526,100.67603218059702,1167411.4997042487
1788412500,100.67603218059702,100.942883042321,99.6813146313439,99.7001092609685,2284807.4396899715
1788413400,99.7001092609685,100.675357531968,99.7001092609685,100.39232079141831,1346119.8349597733
1788414300,100.39232079141831,100.929064826072,100.132524147457,100.65341385449207,1425168.304191096
1788415200,100.65341385449207,101.134160957323,100.317828540128,100.62417726145306,986264.409310626
1788416100,100.62417726145306,101.289200845222,100.371674764873,101.03524895488682,577819.2269542073
1788417000,101.03524895488682,101.300865190429,100.68303030303,101.29270122039,443407.06108586054
1788417900,101.29270122039,101.369085890628,100.775886610309,101.05439018110405,412944.08648357214
1788418800,101.05439018110405,101.378299724134,100.730970033103,101.11753154525289,1672416.9484512552
1788419700,101.11753154525289,101.419059375102,100.694983190901,101.216705776802,1379991.6200285438
1788420600,101.216705776802,101.22159899403,100.437213959738,101.092933899051,1151574.525921858
1788421500,101.092933899051,101.113522780978,100.198041535227,100.198041535227,995167.5939942809
1788422400,100.198041535227,101.149893330003,100.197176002494,100.88778860464208,2018779.7353243085
1788423300,100.88778860464208,101.176611206458,100.098010707659,100.61545407329658,1094190.8221734338
1788424200,100.61545407329658,101.235008256431,100.239273408942,101.087457832721,514462.485359727
1788425100,101.087457832721,101.216585354438,100.37902600318,100.81897375244276,618449.3218127046
1788426000,100.81897375244276,101.092853442254,100.19052,100.78589145504735,945873.1962120762
1788426900,100.78589145504735,101.079937275659,100.06101010101,100.37174492771064,840277.907780512
1788427800,100.37174492771064,100.760302725195,100.041952380952,100.37930049730565,532466.8541270094
1788428700,100.37930049730565,100.798269770038,100.029060606061,100.623587625478,692131.715836104
1788429600,100.623587625478,100.623587625478,99.8116464646465,100.2013269670929,862947.399549733
1788430500,100.2013269670929,100.360671812736,99.738476,100.02529395667293,1300735.6985795738
1788431400,100.02529395667293,100.397714224246,99.8447840017993,100.11285228285477,830321.5584494997
1788432300,100.11285228285477,100.554932797132,99.798104332719,100.2567997390984,922820.3562928272
1788433200,100.2567997390984,100.817104377708,100.000673964125,100.56556524618789,1045210.6987312569
1788434100,100.56556524618789,100.915893606362,100.25783,100.5811548816612,1011540.3598997307
1788435000,100.5811548816612,101.003877538859,100.357348816986,100.70197220223686,1137638.0375051834
1788435900,100.70197220223686,101.001188105249,100.444424242424,100.67537483450553,756929.7650746739
1788436800,100.67537483450553,101.230727310311,100.417347193867,100.94402693335837,949145.6002470579
1788437700,100.94402693335837,101.160457125897,100.599793776303,100.9402393715336,682851.7919428662
1788438600,100.9402393715336,101.525676010915,100.736941743502,101.15708061029044,3673463.5049069035
1788439500,101.15708061029044,101.63949425662112,100.88798768145,101.57559968111106,1814412.5457407173
1788440400,101.57559968111106,101.978873468522,101.290031267859,101.63070303967548,1297983.5934087231
1788441300,101.63070303967548,101.896276202876,101.28966591688,101.61510437509317,991739.2062231592
1788442200,101.61510437509317,101.995649614647,101.105246919514,101.463042003264,3078507.613749195
1788443100,101.463042003264,102.043324167028,101.175843566349,101.4266699311947,1673499.6960520458
1788444000,101.4266699311947,101.786879665511,101.020845803123,101.4668505478979,2561234.5605200655
1788444900,101.4668505478979,102.819160439743,101.341473860532,102.5840472249398,2654047.8954004766
1788445800,102.5840472249398,103.19051108931,102.350807614918,102.53241335966831,3849092.925367782
1788446700,102.53241335966831,104.480475407059,102.363174603175,104.27325317697198,5515198.66235099
1788447600,104.27325317697198,105.809849542626,104.27325317697198,104.39889368754415,8123380.282203915
1788448500,104.39889368754415,104.821304099874,103.85494949495,104.21091246095925,3179484.5244597727
1788449400,104.21091246095925,104.870793205136,103.871739217441,104.733065265562,2691583.2432516897
1788450300,104.733065265562,105.341825892802,103.572537210194,105.10619014869452,3594947.107232479
1788451200,105.10619014869452,105.380740615845,104.113696437665,104.48181336840918,3730587.246429285
1788452100,104.48181336840918,104.678950258009,103.84167636787,104.03849684397898,1944865.650542518
1788453000,104.03849684397898,104.512756653682,103.465104929234,104.24225117731571,1374947.947591907
1788453900,104.24225117731571,104.813200342152,104.076569946665,104.51633243827493,1212992.3549060926
1788454800,104.51633243827493,104.954980714258,104.169616161616,104.68654679876879,1836864.0521172236
1788455700,104.68654679876879,104.988117880796,104.318070131987,104.76220209577072,1104068.8407151815
1788456600,104.76220209577072,105.318105121708,104.512695643888,104.729205172405,869025.0395815338
1788457500,104.729205172405,105.416466724666,104.52848,104.90197268693333,886217.4083455345
1788458400,104.90197268693333,105.542193679298,104.67353468146,105.08175337505682,1616508.9066320441
1788459300,105.08175337505682,105.414295275547,104.580468427164,104.8486270148588,820224.378116579
1788460200,104.8486270148588,105.295393889678,104.47785030747,104.6468872051235,649229.7995578028
1788461100,104.6468872051235,105.305478086262,104.421586639254,104.98717354905077,746771.8588061833
1788462000,104.98717354905077,105.805410575757,104.797253401206,105.32313554900455,2927385.024699951
1788462900,105.32313554900455,105.715633251173,105.010667607194,105.560213099414,942564.3553218868
1788463800,105.560213099414,105.955432771575,104.966990331913,105.5233544538078,758901.6857720042
1788464700,105.5233544538078,105.747574866646,104.815156808056,105.19542649406903,1743827.3766407336
1788465600,105.19542649406903,105.594671811126,104.619714208132,105.42675393092473,1970697.457374382
1788466500,105.42675393092473,105.714950208258,104.64234771962,105.29709911944886,1182985.4260641276
1788467400,105.29709911944886,105.489589762706,104.751041280894,105.01662740767502,1177614.306649585
1788468300,105.01662740767502,105.602645547645,104.7669399117899,104.89792393852684,716131.5496643333
1788469200,104.89792393852684,105.55541243841729,104.45148275,105.55541243841729,1867849.4838757315
1788470100,105.55541243841729,105.969484401411,104.892373737374,105.42873472409306,1477189.0690742685
1788471000,105.42873472409306,105.86032064665,104.945666666667,105.24601678029273,3180654.917688677
1788471900,105.24601678029273,105.405196556526,104.696877030695,105.21430532972937,901204.4484059411
1788472800,105.21430532972937,105.630218409895,104.808555978443,104.98961825077774,1814276.2333511668
1788473700,104.98961825077774,105.514359818528,104.55105548731524,104.55105548731524,2366127.440986394
1788474600,104.55105548731524,104.714246858192,103.694896410546,104.29803832386216,2563201.3369912244
1788475500,104.29803832386216,104.602902731452,103.885308931753,104.25932788435097,997474.4557989407
1788476400,104.25932788435097,104.622361349503,103.990522816947,104.23209386827365,763542.2698631459
1788477300,104.23209386827365,104.471382759192,103.638031183124,104.04847207279545,916737.5141932002
1788478200,104.04847207279545,104.613182189059,103.770157575758,104.1619181917719,1039815.9529988719
1788479100,104.1619181917719,104.424578454801,103.782581055308,104.1207228082534,889934.8177460652
1788480000,104.1207228082534,104.387217284185,103.710538609137,103.98316537567183,1274631.0867327314
1788480900,103.98316537567183,104.31817441092,103.56062805206,103.86408326766305,1147330.1236067445
1788481800,103.86408326766305,104.418788005698,103.638383241057,104.01287309459322,1955785.6914832904
1788482700,104.01287309459322,104.316179606184,103.32308596748763,103.33356404808708,2113799.9614107925
1788483600,103.33356404808708,103.887577019652,103.11103802379,103.59820082543492,1944254.744548748
1788484500,103.59820082543492,103.974768235043,103.295274774775,103.50420316719676,1034782.4714099715
1788485400,103.50420316719676,103.847659637219,103.194953448009,103.53488340320385,1164182.7839966419
1788486300,103.53488340320385,104.029239706463,103.278156164005,103.64405448538012,798230.5848788186
1788487200,103.64405448538012,104.187505253004,103.380971908778,103.7830944164275,738748.0687397481
1788488100,103.7830944164275,104.048019950833,103.355985571935,103.68132144423781,839702.8815474696
1788489000,103.68132144423781,103.920385918006,103.2588,103.78769172248987,779999.3211496387
1788489900,103.78769172248987,104.048346355469,103.476169869414,103.54167359510552,637698.45977977
1788490800,103.54167359510552,104.189760319202,103.305094278639,103.87130539971777,1092340.6326979862
1788491700,103.87130539971777,104.230838119335,103.452561758991,104.0361031102669,375445.42064995563
1788492600,104.0361031102669,104.419468375008,103.361364607952,103.67109068563003,403767.7427575576
1788493500,103.67109068563003,104.009091244101,103.352515079891,103.67096730466776,315152.0203356873
1788494400,103.67096730466776,103.91744322162715,103.202299599024,103.54385131584287,338494.5224827981
1788495300,103.54385131584287,104.163139225358,103.295771286238,104.057331398283,1015349.7911443241
1788496200,104.057331398283,104.629105515314,103.877138830821,104.09019507340575,841305.9964206233
1788497100,104.09019507340575,104.454037485289,103.818673158506,104.15080128833274,505700.792805903
1788498000,104.15080128833274,104.298804560478,103.63834767326482,103.64320270616855,848391.4937646448
1788498900,103.64320270616855,104.102817321186,103.360610628574,103.85177699526376,1148309.425235042
1788499800,103.85177699526376,104.244632298958,103.495932791832,103.96121942466544,978003.9418040129
1788500700,103.96121942466544,104.239693300966,103.002070393375,103.6673572648407,1256357.9664334026
1788501600,103.6673572648407,103.934106763097,103.412400317426,103.8146389292909,634729.9809429179
1788502500,103.8146389292909,104.215197968514,103.415153253634,103.896224793529,758530.8435888643
1788503400,103.896224793529,103.901252455271,103.12167617549,103.50648441533234,1080745.6859069718
1788504300,103.50648441533234,103.741276509276,103.154686384498,103.50808478801929,377317.52861822274
1788505200,103.50808478801929,104.087991324724,103.24675,103.80477017396937,822930.8469951695
1788506100,103.80477017396937,104.160227177622,103.425390290312,103.8611289244651,1033067.3804511039
1788507000,103.8611289244651,104.19715281024,103.423981053437,103.63698838181294,836045.2702460188
1788507900,103.63698838181294,103.884943685011,103.226800493045,103.44446807860741,828090.3567913631
1788508800,103.44446807860741,103.800467268183,103.20170779485,103.46931918075926,1553365.830231738
1788509700,103.46931918075926,103.915459853836,103.277953912077,103.79652472536056,521252.07059771277
1788510600,103.79652472536056,104.102302165156,103.50688,103.77189830609663,1091426.2979577973
1788511500,103.77189830609663,104.522271030639,103.493545277698,104.468364774864,3288897.151785491
1788512400,104.468364774864,104.568842793084,103.801836156188,104.14729345689634,1323032.3250631862
1788513300,104.14729345689634,104.846694683311,103.979691164549,104.21603562795343,2835756.1271434673
1788514200,104.21603562795343,104.779462806172,103.944131168879,104.52047876433487,2053955.1393398633
1788515100,104.52047876433487,104.625985642176,104.020712770317,104.2912074922454,1365899.0842731553
1788516000,104.2912074922454,104.419508717698,103.655662857973,103.78008748718594,1676857.0322867625
1788516900,103.78008748718594,104.08305400275,103.415,103.73265416800157,1084515.8621222158
1788517800,103.73265416800157,104.23186912955,103.480646156415,103.97464009574979,1004251.8584549661
1788518700,103.97464009574979,104.235142640685,103.617720298259,103.93319748422392,537966.5958986077
1788519600,103.93319748422392,104.260120660238,103.576562529456,103.97103334733474,792081.3836732071
1788520500,103.97103334733474,104.35335566805,103.622793701233,104.11479027304284,1193615.4930199736
1788521400,104.11479027304284,104.552425417769,103.83937649622,104.38850634742496,901191.8631987852
1788522300,104.38850634742496,104.736208202042,103.83118969697,103.96965507762836,603183.9682342112
1788523200,103.96965507762836,104.342925248805,103.710424886275,104.1305683169427,1089440.5360231344
1788524100,104.1305683169427,104.267391138744,103.5195,104.19292115981362,1301501.744141274
1788525000,104.19292115981362,104.457360183844,100.24494294565,101.68661300938417,43048215.852367684
1788525900,101.68661300938417,102.00577827848,100.644743398414,101.76733303417414,5144181.270723152
1788526800,101.76733303417414,102.040549605453,101.222280405984,101.35544067531751,2831718.824411969
1788527700,101.35544067531751,101.77708386162,101.078455067066,101.3868023390207,1374218.9425883347
1788528600,101.3868023390207,101.945536779544,101.039444419227,101.55991505706547,3871367.5098793237
1788529500,101.55991505706547,102.398940949193,101.304848484848,101.85653038083309,2710354.196411459
1788530400,101.85653038083309,102.254290626591,101.19426276394678,101.26815064546814,1602409.410366846
1788531300,101.26815064546814,101.632087680854,100.86262,101.54801241938738,1662678.3608286858
1788532200,101.54801241938738,101.712828124511,100.6206226331154,100.6206226331154,2130115.3270006096
1788533100,100.6206226331154,100.837769601373,100.118732796667,100.59938865578552,1808337.6624874019
1788534000,100.59938865578552,101.321905151892,100.492648419544,101.02683679678549,1334625.4665930145
1788534900,101.02683679678549,101.617326685859,100.764640148703,101.51621315242356,931379.1752659752
1788535800,101.51621315242356,102.354145342886,100.932370620347,101.62205879569329,705511.6885473583
1788536700,101.62205879569329,101.798994891696,101.071769287139,101.30587576329675,706877.1952004285
1788537600,101.30587576329675,101.948236508784,101.0495,101.304045932698,545924.85148653
1788538500,101.304045932698,101.955450796194,101.304045932698,101.73113688966072,337588.1153898657
1788539400,101.73113688966072,102.469374619365,101.347859864857,102.18262677184583,1070405.4917321587
1788540300,102.18262677184583,102.388954233253,101.717364020431,102.03009547918398,607767.138378056
1788541200,102.03009547918398,102.210963129876,101.480606532222,101.77889355420425,703561.0213863415
1788542100,101.77889355420425,102.060330418744,101.48317495929,101.80735649323056,769470.1076877727
1788543000,101.80735649323056,102.034748390214,101.17493694546293,101.38407558032938,1163371.3762994714
1788543900,101.38407558032938,101.703534197813,101.086963682003,101.35933984606682,651796.3180462355
1788544800,101.35933984606682,101.767526902144,101.218450519401,101.48685589449599,705886.605747384
1788545700,101.48685589449599,101.984029636026,101.330493356541,101.51752753377924,346137.08057222754
1788546600,101.51752753377924,101.8514822292974,101.038715769594,101.46690053717991,590369.9102557027
1788547500,101.46690053717991,101.949224903853,101.213586870284,101.70817274645638,186200.40807369753
1788548400,101.70817274645638,102.185727418668,101.59218057390395,101.89848483648792,433560.6941558445
1788549300,101.89848483648792,102.330421862281,101.78417234348211,102.05836377987309,369886.27569235576
1788550200,102.05836377987309,102.335100939622,101.683548468823,101.91245274629928,491525.3200709029
1788551100,101.91245274629928,102.268319114515,101.676585858586,101.97107112349347,791868.6206014502
1788552000,101.97107112349347,102.166807390887,101.563925108422,101.80069145573292,508416.25819900807
1788552900,101.80069145573292,102.191988309171,101.509014956951,101.7001889200956,323072.09556708025
1788553800,101.7001889200956,102.198076223413,101.438709677419,101.89379813775302,339533.46181463095
1788554700,101.89379813775302,102.232394909594,101.5959812128,101.69186253157902,296038.68026076455
1788555600,101.69186253157902,102.334673474106,101.37404040404,101.73482264765595,441989.6640024372
1788556500,101.73482264765595,102.140389909085,101.48303030303,101.90560792390224,588182.5352072526
1788557400,101.90560792390224,102.124716301802,101.613005358615,101.901863854398,1295700.1285725252
1788558300,101.901863854398,102.260990499954,101.505,101.82183572003784,1275563.7434840477
1788559200,101.82183572003784,102.219132387719,101.507591003439,101.87778913196361,370964.1716692956
1788560100,101.87778913196361,101.946461481566,101.280170353148,101.75817263389543,646733.5379793809
1788561000,101.75817263389543,101.981214170374,101.201477586943,101.4979539450867,217003.06262645902
1788561900,101.4979539450867,101.942310489272,101.232194679901,101.62275421556765,122835.28173186183
